"sample","worker_nodes","status","seconds","rendered_output","error"
"gef_-2u6JEYKpR_c0e0I88hmQQ","16","pass","0.080","docs/pbs-sample-regression/rendered-100/gef_-2u6JEYKpR_c0e0I88hmQQ.ansi.txt",""
"gef_-5Y0FBFMjxC8JwY4yprV6A","34","pass","0.078","docs/pbs-sample-regression/rendered-100/gef_-5Y0FBFMjxC8JwY4yprV6A.ansi.txt",""
"gef_-cOpNXugtdsyyvNZXtoXHA","294","pass","0.088","docs/pbs-sample-regression/rendered-100/gef_-cOpNXugtdsyyvNZXtoXHA.ansi.txt",""
"gef_-CvTBysZRNoedAbriLVy2Q","0","pass","0.074","docs/pbs-sample-regression/rendered-100/gef_-CvTBysZRNoedAbriLVy2Q.ansi.txt",""
"gef_-eV0lp7ybOgW0LFy_4GV3A","9","pass","0.077","docs/pbs-sample-regression/rendered-100/gef_-eV0lp7ybOgW0LFy_4GV3A.ansi.txt",""
"gef_-F09ialtcdMf_jhJkJJTLg","142","pass","0.096","docs/pbs-sample-regression/rendered-100/gef_-F09ialtcdMf_jhJkJJTLg.ansi.txt",""
"gef_-HHUHGmj9Z_TaPJ8QjMRMw","18","pass","0.075","docs/pbs-sample-regression/rendered-100/gef_-HHUHGmj9Z_TaPJ8QjMRMw.ansi.txt",""
"gef_-JOzkfyu2R3-CqDLLKKcJA","628","pass","0.185","docs/pbs-sample-regression/rendered-100/gef_-JOzkfyu2R3-CqDLLKKcJA.ansi.txt",""
"gef_-LOxkPytnL0-4kNEwkXFFQ","0","pass","0.073","docs/pbs-sample-regression/rendered-100/gef_-LOxkPytnL0-4kNEwkXFFQ.ansi.txt",""
"gef_-m9QAFbXeNovjTz5ARi4IQ","0","pass","0.107","docs/pbs-sample-regression/rendered-100/gef_-m9QAFbXeNovjTz5ARi4IQ.ansi.txt",""
"gef_-rOLvrmyTuvQCm9cH5Fxdw","1","pass","0.077","docs/pbs-sample-regression/rendered-100/gef_-rOLvrmyTuvQCm9cH5Fxdw.ansi.txt",""
"gef_-UmpgH3WzdgXsrSXK0bckQ","0","pass","0.075","docs/pbs-sample-regression/rendered-100/gef_-UmpgH3WzdgXsrSXK0bckQ.ansi.txt",""
"gef_-vEk7jRsperitPXKaIOUog","0","pass","0.073","docs/pbs-sample-regression/rendered-100/gef_-vEk7jRsperitPXKaIOUog.ansi.txt",""
"gef_-vRq_3_V0OvFfCXGGtw9zQ","829","pass","0.205","docs/pbs-sample-regression/rendered-100/gef_-vRq_3_V0OvFfCXGGtw9zQ.ansi.txt",""
"gef_08wvFMMF-NvPYFWnexAYoQ","0","pass","0.074","docs/pbs-sample-regression/rendered-100/gef_08wvFMMF-NvPYFWnexAYoQ.ansi.txt",""
"gef_0_BIRGbzmJB6Cirb3aikOA","154","pass","0.120","docs/pbs-sample-regression/rendered-100/gef_0_BIRGbzmJB6Cirb3aikOA.ansi.txt",""
"gef_0COupWwOLcbe0ETmuUMB2Q","0","pass","0.072","docs/pbs-sample-regression/rendered-100/gef_0COupWwOLcbe0ETmuUMB2Q.ansi.txt",""
"gef_0d_NEeS1pz_MwCq1eiyTIQ","229","pass","0.139","docs/pbs-sample-regression/rendered-100/gef_0d_NEeS1pz_MwCq1eiyTIQ.ansi.txt",""
"gef_0gzttEUwFO-SoMXe6KVfLw","16","pass","0.074","docs/pbs-sample-regression/rendered-100/gef_0gzttEUwFO-SoMXe6KVfLw.ansi.txt",""
"gef_0L--qRIoJtLCOAFA3wsnJA","0","pass","0.073","docs/pbs-sample-regression/rendered-100/gef_0L--qRIoJtLCOAFA3wsnJA.ansi.txt",""
"gef_0X1kfTCZ2r3hpkOQaGeD5w","137","pass","0.093","docs/pbs-sample-regression/rendered-100/gef_0X1kfTCZ2r3hpkOQaGeD5w.ansi.txt",""
"gef_13Wk9WaGgHCptTrsSkF2QA","0","pass","0.072","docs/pbs-sample-regression/rendered-100/gef_13Wk9WaGgHCptTrsSkF2QA.ansi.txt",""
"gef_198wGkDxneD5-t2laderZA","160","pass","0.174","docs/pbs-sample-regression/rendered-100/gef_198wGkDxneD5-t2laderZA.ansi.txt",""
"gef_1Cyvzyqg_f2MDbdwYArK6A","19","pass","0.080","docs/pbs-sample-regression/rendered-100/gef_1Cyvzyqg_f2MDbdwYArK6A.ansi.txt",""
"gef_1EMsbHP4Nazvj-0fL29ftg","137","pass","0.091","docs/pbs-sample-regression/rendered-100/gef_1EMsbHP4Nazvj-0fL29ftg.ansi.txt",""
"gef_1qB1ClaYt53Ep-JQGXNRMQ","0","pass","0.073","docs/pbs-sample-regression/rendered-100/gef_1qB1ClaYt53Ep-JQGXNRMQ.ansi.txt",""
"gef_1S9iDGe_61SF_c5KhyHAjQ","96","pass","0.086","docs/pbs-sample-regression/rendered-100/gef_1S9iDGe_61SF_c5KhyHAjQ.ansi.txt",""
"gef_1Y2Gyf7U4WLSabYxsz6b1w","41","pass","0.074","docs/pbs-sample-regression/rendered-100/gef_1Y2Gyf7U4WLSabYxsz6b1w.ansi.txt",""
"gef_2C2IvdeLDLspEONB9qDvnA","5","pass","0.074","docs/pbs-sample-regression/rendered-100/gef_2C2IvdeLDLspEONB9qDvnA.ansi.txt",""
"gef_2d1Vxlg7pi5U6QJ7t4H7EA","79","pass","0.103","docs/pbs-sample-regression/rendered-100/gef_2d1Vxlg7pi5U6QJ7t4H7EA.ansi.txt",""
"gef_2JzvHVJxzD8NeumbXaXkbg","0","pass","0.073","docs/pbs-sample-regression/rendered-100/gef_2JzvHVJxzD8NeumbXaXkbg.ansi.txt",""
"gef_2TGMvlh0bDRR2GIg3E3vnA","0","pass","0.070","docs/pbs-sample-regression/rendered-100/gef_2TGMvlh0bDRR2GIg3E3vnA.ansi.txt",""
"gef_3jD8i7aqP-Fks54n2fqv6Q","102","pass","0.095","docs/pbs-sample-regression/rendered-100/gef_3jD8i7aqP-Fks54n2fqv6Q.ansi.txt",""
"gef_3JMsSpH99Eq4Zxcglt5obw","829","pass","0.200","docs/pbs-sample-regression/rendered-100/gef_3JMsSpH99Eq4Zxcglt5obw.ansi.txt",""
"gef_3Y4kbay3xXmgSIF0SShj1w","829","pass","0.205","docs/pbs-sample-regression/rendered-100/gef_3Y4kbay3xXmgSIF0SShj1w.ansi.txt",""
"gef_3yMkuIruoQ3Z1BMZkfYowg","0","pass","0.074","docs/pbs-sample-regression/rendered-100/gef_3yMkuIruoQ3Z1BMZkfYowg.ansi.txt",""
"gef_45fzHPSUedsOyPoV7j2xbw","0","pass","0.073","docs/pbs-sample-regression/rendered-100/gef_45fzHPSUedsOyPoV7j2xbw.ansi.txt",""
"gef_4dZyVyNrW6BMcXrdfEEavg","142","pass","0.097","docs/pbs-sample-regression/rendered-100/gef_4dZyVyNrW6BMcXrdfEEavg.ansi.txt",""
"gef_4EU9sOrnY2pJB2gTycsYyA","9","pass","0.075","docs/pbs-sample-regression/rendered-100/gef_4EU9sOrnY2pJB2gTycsYyA.ansi.txt",""
"gef_4hHKcR_Mng2EK7BRGBjnRg","17","pass","0.132","docs/pbs-sample-regression/rendered-100/gef_4hHKcR_Mng2EK7BRGBjnRg.ansi.txt",""
"gef_4LgqM6KGnsp7ZIbIlwkutg","114","pass","0.086","docs/pbs-sample-regression/rendered-100/gef_4LgqM6KGnsp7ZIbIlwkutg.ansi.txt",""
"gef_4RKEfi6g8vwncPlXtJZOpQ","64","pass","0.128","docs/pbs-sample-regression/rendered-100/gef_4RKEfi6g8vwncPlXtJZOpQ.ansi.txt",""
"gef_4SuB-nB0YO4Odf2xFTd-eQ","0","pass","0.069","docs/pbs-sample-regression/rendered-100/gef_4SuB-nB0YO4Odf2xFTd-eQ.ansi.txt",""
"gef_4szzAha0Kx-yF1ZSl6Yc-g","0","pass","0.071","docs/pbs-sample-regression/rendered-100/gef_4szzAha0Kx-yF1ZSl6Yc-g.ansi.txt",""
"gef_4uibORn9nuXYl9TdqKWlAQ","829","pass","0.200","docs/pbs-sample-regression/rendered-100/gef_4uibORn9nuXYl9TdqKWlAQ.ansi.txt",""
"gef_4Zt1PACYqiWScvxjRghlsg","206","pass","0.113","docs/pbs-sample-regression/rendered-100/gef_4Zt1PACYqiWScvxjRghlsg.ansi.txt",""
"gef_52mi_tD1qcpVWnyiCRanSA","3","pass","0.077","docs/pbs-sample-regression/rendered-100/gef_52mi_tD1qcpVWnyiCRanSA.ansi.txt",""
"gef_58IY9JeWB21Ih1J8Nhqrwg","114","pass","0.089","docs/pbs-sample-regression/rendered-100/gef_58IY9JeWB21Ih1J8Nhqrwg.ansi.txt",""
"gef_59j7Q50znmZ6cXUBu0wZcg","829","pass","0.200","docs/pbs-sample-regression/rendered-100/gef_59j7Q50znmZ6cXUBu0wZcg.ansi.txt",""
"gef_5sbgE1JfldJQ2lpIO_UZJQ","16","pass","0.073","docs/pbs-sample-regression/rendered-100/gef_5sbgE1JfldJQ2lpIO_UZJQ.ansi.txt",""
"gef_5sPvjtUHc-oCJDPzQ-lr_w","76","pass","0.092","docs/pbs-sample-regression/rendered-100/gef_5sPvjtUHc-oCJDPzQ-lr_w.ansi.txt",""
"gef_5Zmr5wvMTLgPDS1FhadMJA","829","pass","0.200","docs/pbs-sample-regression/rendered-100/gef_5Zmr5wvMTLgPDS1FhadMJA.ansi.txt",""
"gef_6bO7mIZP3agNuOxC4rcn6A","153","pass","0.100","docs/pbs-sample-regression/rendered-100/gef_6bO7mIZP3agNuOxC4rcn6A.ansi.txt",""
"gef_6HeR2iHrRKoVJVLEDixZ1Q","24","pass","0.084","docs/pbs-sample-regression/rendered-100/gef_6HeR2iHrRKoVJVLEDixZ1Q.ansi.txt",""
"gef_6J8lkEpArPoxY_XebL9ygQ","160","pass","0.151","docs/pbs-sample-regression/rendered-100/gef_6J8lkEpArPoxY_XebL9ygQ.ansi.txt",""
"gef_6kFX3qSBLzQPFd5Gz8Rdmg","12","pass","0.076","docs/pbs-sample-regression/rendered-100/gef_6kFX3qSBLzQPFd5Gz8Rdmg.ansi.txt",""
"gef_6Q4OUrw5F_mx85S0JNaZpQ","185","pass","0.278","docs/pbs-sample-regression/rendered-100/gef_6Q4OUrw5F_mx85S0JNaZpQ.ansi.txt",""
"gef_6v5xLFebMJdW8G_Sd0CZqg","0","pass","0.070","docs/pbs-sample-regression/rendered-100/gef_6v5xLFebMJdW8G_Sd0CZqg.ansi.txt",""
"gef_6XIY_komFoxLE6P2EKheyQ","1","pass","0.072","docs/pbs-sample-regression/rendered-100/gef_6XIY_komFoxLE6P2EKheyQ.ansi.txt",""
"gef_6zD2GSjLmGlgIm9TjDvamA","84","pass","0.075","docs/pbs-sample-regression/rendered-100/gef_6zD2GSjLmGlgIm9TjDvamA.ansi.txt",""
"gef_7032UcKFFhL4OXOcFjOQyw","829","pass","0.204","docs/pbs-sample-regression/rendered-100/gef_7032UcKFFhL4OXOcFjOQyw.ansi.txt",""
"gef_7_eF-rAlz8otlED7pBuk1A","0","pass","0.072","docs/pbs-sample-regression/rendered-100/gef_7_eF-rAlz8otlED7pBuk1A.ansi.txt",""
"gef_7cR9gAbwRwxmN0WD3GhHRg","0","pass","0.072","docs/pbs-sample-regression/rendered-100/gef_7cR9gAbwRwxmN0WD3GhHRg.ansi.txt",""
"gef_7DILR6kRltdphY4Utdb6zA","1","pass","0.075","docs/pbs-sample-regression/rendered-100/gef_7DILR6kRltdphY4Utdb6zA.ansi.txt",""
"gef_7DT_-EiyrskTfUi7RLVMiA","0","pass","0.072","docs/pbs-sample-regression/rendered-100/gef_7DT_-EiyrskTfUi7RLVMiA.ansi.txt",""
"gef_7vxNwO1hVGAmQW89KBdumg","39","pass","0.081","docs/pbs-sample-regression/rendered-100/gef_7vxNwO1hVGAmQW89KBdumg.ansi.txt",""
"gef_7YvCj9X-ZfOlO9k3NQvd1Q","289","pass","0.101","docs/pbs-sample-regression/rendered-100/gef_7YvCj9X-ZfOlO9k3NQvd1Q.ansi.txt",""
"gef_84Akymo78mtJDotrwXq7jQ","0","pass","0.074","docs/pbs-sample-regression/rendered-100/gef_84Akymo78mtJDotrwXq7jQ.ansi.txt",""
"gef_8BMeh8NZgW9DSq-S6SIxDQ","4","pass","0.074","docs/pbs-sample-regression/rendered-100/gef_8BMeh8NZgW9DSq-S6SIxDQ.ansi.txt",""
"gef_8e3OrbuWti6wAR59UMqR7Q","103","pass","0.089","docs/pbs-sample-regression/rendered-100/gef_8e3OrbuWti6wAR59UMqR7Q.ansi.txt",""
"gef_8iZy_GQ5rX2ixgcNfdOqUQ","0","pass","0.073","docs/pbs-sample-regression/rendered-100/gef_8iZy_GQ5rX2ixgcNfdOqUQ.ansi.txt",""
"gef_8KkrK6_AmC2Fuw6QFsjcSg","0","pass","0.069","docs/pbs-sample-regression/rendered-100/gef_8KkrK6_AmC2Fuw6QFsjcSg.ansi.txt",""
"gef_8NbBG31c04LD9GS-xUuW3Q","0","pass","0.069","docs/pbs-sample-regression/rendered-100/gef_8NbBG31c04LD9GS-xUuW3Q.ansi.txt",""
"gef_8VYsp44v81jse2_wr-T3Lw","47","pass","0.092","docs/pbs-sample-regression/rendered-100/gef_8VYsp44v81jse2_wr-T3Lw.ansi.txt",""
"gef_8wwJ3jbcRyXsiHYXyy898w","1","pass","0.075","docs/pbs-sample-regression/rendered-100/gef_8wwJ3jbcRyXsiHYXyy898w.ansi.txt",""
"gef_8xaB6UadnvsHXbwA21Z4aA","5","pass","0.076","docs/pbs-sample-regression/rendered-100/gef_8xaB6UadnvsHXbwA21Z4aA.ansi.txt",""
"gef_8XBv9CR1VmH72oYZQRoHsw","0","pass","0.074","docs/pbs-sample-regression/rendered-100/gef_8XBv9CR1VmH72oYZQRoHsw.ansi.txt",""
"gef_91u36Zzj9835-PGZvP-Y9A","0","pass","0.074","docs/pbs-sample-regression/rendered-100/gef_91u36Zzj9835-PGZvP-Y9A.ansi.txt",""
"gef_92ox5zcIOTAV4mLW3gLb6w","30","pass","0.075","docs/pbs-sample-regression/rendered-100/gef_92ox5zcIOTAV4mLW3gLb6w.ansi.txt",""
"gef_99T-wlQCNarnZdU4viDHxA","14","pass","0.075","docs/pbs-sample-regression/rendered-100/gef_99T-wlQCNarnZdU4viDHxA.ansi.txt",""
"gef_9DEz6U1fi3LKfzM9VcbjCg","829","pass","0.204","docs/pbs-sample-regression/rendered-100/gef_9DEz6U1fi3LKfzM9VcbjCg.ansi.txt",""
"gef_9HB3EoK5yq8_RX6w1k4Cnw","416","pass","0.134","docs/pbs-sample-regression/rendered-100/gef_9HB3EoK5yq8_RX6w1k4Cnw.ansi.txt",""
"gef_9hMEp9apuLRmYtO1yLfsEA","50","pass","0.084","docs/pbs-sample-regression/rendered-100/gef_9hMEp9apuLRmYtO1yLfsEA.ansi.txt",""
"gef_9JPOhud0ko3z27BCd7Puhw","829","pass","0.204","docs/pbs-sample-regression/rendered-100/gef_9JPOhud0ko3z27BCd7Puhw.ansi.txt",""
"gef_9vyKCnQsdgk4VNuVj1Q8Zg","829","pass","0.206","docs/pbs-sample-regression/rendered-100/gef_9vyKCnQsdgk4VNuVj1Q8Zg.ansi.txt",""
"gef__2FB47QdHjrhV3cs6vHWzw","0","pass","0.097","docs/pbs-sample-regression/rendered-100/gef__2FB47QdHjrhV3cs6vHWzw.ansi.txt",""
"gef__33e128NxGWUiqG2qK-v6g","27","pass","0.078","docs/pbs-sample-regression/rendered-100/gef__33e128NxGWUiqG2qK-v6g.ansi.txt",""
"gef__8BSdtLN337DHebjIJEIlQ","0","pass","0.074","docs/pbs-sample-regression/rendered-100/gef__8BSdtLN337DHebjIJEIlQ.ansi.txt",""
"gef__C36Zx2LyBa3sLMcuuGsEw","201","pass","0.120","docs/pbs-sample-regression/rendered-100/gef__C36Zx2LyBa3sLMcuuGsEw.ansi.txt",""
"gef__cb0UnX96mWzFM8SpPHlPw","291","pass","0.148","docs/pbs-sample-regression/rendered-100/gef__cb0UnX96mWzFM8SpPHlPw.ansi.txt",""
"gef_A1ojx8F0-jJfU-8R1ifKKg","18","pass","0.077","docs/pbs-sample-regression/rendered-100/gef_A1ojx8F0-jJfU-8R1ifKKg.ansi.txt",""
"gef_Ab0XLTIet2_e9SoSN-TV1g","271","pass","0.110","docs/pbs-sample-regression/rendered-100/gef_Ab0XLTIet2_e9SoSN-TV1g.ansi.txt",""
"gef_afl_p_zgMrR_1IEGbV_oyg","0","pass","0.072","docs/pbs-sample-regression/rendered-100/gef_afl_p_zgMrR_1IEGbV_oyg.ansi.txt",""
"gef_Ag6sE1QZ-s4IujJ_dQhA2A","239","pass","0.090","docs/pbs-sample-regression/rendered-100/gef_Ag6sE1QZ-s4IujJ_dQhA2A.ansi.txt",""
"gef_AgGtUwH0DCBofSz_1XyGaw","0","pass","0.074","docs/pbs-sample-regression/rendered-100/gef_AgGtUwH0DCBofSz_1XyGaw.ansi.txt",""
"gef_AGTMbXtGR_A7WuACube9JA","12","pass","0.076","docs/pbs-sample-regression/rendered-100/gef_AGTMbXtGR_A7WuACube9JA.ansi.txt",""
"gef_AHJebhJdxZ6eOg5a1cPPCA","102","pass","0.097","docs/pbs-sample-regression/rendered-100/gef_AHJebhJdxZ6eOg5a1cPPCA.ansi.txt",""
"gef_AHYWJU2_o_Xo-Ggfk1k-mw","0","pass","0.074","docs/pbs-sample-regression/rendered-100/gef_AHYWJU2_o_Xo-Ggfk1k-mw.ansi.txt",""
"gef_AI9OLwsaOxeFyPzCtvm6kA","829","pass","0.202","docs/pbs-sample-regression/rendered-100/gef_AI9OLwsaOxeFyPzCtvm6kA.ansi.txt",""
"gef_AJA9M1v64nkY4DN8rCQK-Q","24","pass","0.077","docs/pbs-sample-regression/rendered-100/gef_AJA9M1v64nkY4DN8rCQK-Q.ansi.txt",""
